{
	"geometry":
	{
		"plane":
		{
			"shape": "plane",
			"width": 20,
			"depth": 20
		}
	},
	"textures":
	{
		"grass" : "grass.jpg",
		"alpha" : "alphamap.png",
		"water" : "water.jpg"
	},
	"materials":
	{
		"mat_001":
		{
			"emmisive": [0.0, 0.0, 0.0, 1.0],
			"ambient": [0.8, 0.8, 0.8, 1.0],
			"diffuse": [0.8, 0.8, 0.8, 1.0],
			"specular": [1.0, 1.0, 1.0, 1.0],
			"shininess": 2.0,
			"texture": "grass"
		}
	},
	"objects":
	{
		"plane":
		{
			"geometry": "plane",
			"material": "mat_001",
			"transform":
			{
				"position": [0.0, 0.0, 0.0],
				"rotation": [0.0, 0.0, 0.0],
				"scale": [1.0, 1.0, 1.0]
			}
		}
	},
	"lighting":
	{
		"ambient" : [0.8, 0.9, 1.0, 1.0],
		"diffuse" : [0.8, 0.9, 1.0, 1.0],
		"specular" : [0.8, 0.9, 1.0, 1.0],
		"lightDir" : [1.0, 0.0, 0.0, 1.0]
	},
	"dynamic_lighting":	[""]
}